format,round,baseline_ms,new_ms,ratio
r8-to-f32,0,0.10980,0.11164,1.017
f32-to-f16,0,0.42447,0.05870,0.138
f32-to-f16-software,0,0.41253,0.37290,0.904
r8-to-f32,1,0.10860,0.10724,0.988
f32-to-f16,1,0.42501,0.05763,0.136
f32-to-f16-software,1,0.41290,0.38254,0.926
r8-to-f32,2,0.10613,0.10713,1.009
f32-to-f16,2,0.42025,0.05707,0.136
f32-to-f16-software,2,0.42245,0.38092,0.902
r8-to-f32,3,0.10594,0.11298,1.066
f32-to-f16,3,0.41932,0.06537,0.156
f32-to-f16-software,3,0.42824,0.38454,0.898
r8-to-f32,4,0.11010,0.11083,1.007
f32-to-f16,4,0.44067,0.06897,0.157
f32-to-f16-software,4,0.43329,0.39336,0.908
